Filepath,Label
output_processed/P44.jpg,P
output_processed/K22.jpg,K
output_processed/F1286.jpg,F
output_processed/j33.jpg,j
output_processed/C1.jpg,C
output_processed/p11.jpg,p
output_processed/t1.jpg,t
output_processed/O5988.jpg,O
output_processed/c002.jpg,c
output_processed/g444.jpg,g
output_processed/G55.jpg,G
output_processed/k8109.jpg,k
output_processed/c4929.jpg,c
output_processed/l7560.jpg,l
output_processed/o66.jpg,o
output_processed/e777.jpg,e
output_processed/w1327.jpg,w
output_processed/J1.jpg,J
output_processed/h444.jpg,h
output_processed/y33.jpg,y
output_processed/R1299.jpg,R
output_processed/F555.jpg,F
output_processed/W.jpg,W
output_processed/d7359.jpg,d
output_processed/V1365.jpg,V
output_processed/H.jpg,H
output_processed/l66.jpg,l
output_processed/q11.jpg,q
output_processed/y1.jpg,y
output_processed/E5528.jpg,E
output_processed/s8117.jpg,s
output_processed/y1323.jpg,y
output_processed/z55.jpg,z
output_processed/E1348.jpg,E
output_processed/U5994.jpg,U
output_processed/R1361.jpg,R
output_processed/b8099.jpg,b
output_processed/r3038.jpg,r
output_processed/Z1307.jpg,Z
output_processed/k555.jpg,k
output_processed/z7381.jpg,z
output_processed/p7371.jpg,p
output_processed/k44.jpg,k
output_processed/K.jpg,K
output_processed/J5983.jpg,J
output_processed/Q44.jpg,Q
output_processed/w22.jpg,w
output_processed/P.jpg,P
output_processed/n44.jpg,n
output_processed/L1355.jpg,L
output_processed/t44.jpg,t
output_processed/K5534.jpg,K
output_processed/t.jpg,t
output_processed/n7562.jpg,n
output_processed/h3028.jpg,h
output_processed/v3042.jpg,v
output_processed/b099.jpg,b
output_processed/k11.jpg,k
output_processed/x4926.jpg,x
output_processed/E555.jpg,E
output_processed/r8116.jpg,r
output_processed/a7549.jpg,a
output_processed/O.jpg,O
output_processed/U5544.jpg,U
output_processed/Z5560.jpg,Z
output_processed/O1.jpg,O
output_processed/Q5990.jpg,Q
output_processed/Y1368.jpg,Y
output_processed/u11.jpg,u
output_processed/M.jpg,M
output_processed/n12.jpg,n
output_processed/x7572.jpg,x
output_processed/m7561.jpg,m
output_processed/B5975.jpg,B
output_processed/p1297.jpg,p
output_processed/l4934.jpg,l
output_processed/S1.jpg,S
output_processed/a1322.jpg,a
output_processed/W44.jpg,W
output_processed/d8102.jpg,d
output_processed/b02.jpg,b
output_processed/m111.jpg,m
output_processed/r23.jpg,r
output_processed/d4930.jpg,d
output_processed/m3033.jpg,m
output_processed/L.jpg,L
output_processed/h8106.jpg,h
output_processed/v22.jpg,v
output_processed/E5978.jpg,E
output_processed/E.jpg,E
output_processed/H555.jpg,H
output_processed/s22.jpg,s
output_processed/h777.jpg,h
output_processed/w7571.jpg,w
output_processed/E1.jpg,E
output_processed/a3021.jpg,a
output_processed/n3034.jpg,n
output_processed/B1282.jpg,B
output_processed/f1.jpg,f
output_processed/u7376.jpg,u
output_processed/y7573.jpg,y
output_processed/L5985.jpg,L
output_processed/v33.jpg,v
output_processed/S5542.jpg,S
output_processed/M22.jpg,M
output_processed/I555.jpg,I
output_processed/F1349.jpg,F
output_processed/H333.jpg,H
output_processed/h7363.jpg,h
output_processed/i222.jpg,i
output_processed/f3026.jpg,f
output_processed/O44.jpg,O
output_processed/w11.jpg,w
output_processed/j555.jpg,j
output_processed/Q5540.jpg,Q
output_processed/F5979.jpg,F
output_processed/a0987.jpg,a
output_processed/v1337.jpg,v
output_processed/j666.jpg,j
output_processed/r7566.jpg,r
output_processed/d109.jpg,d
output_processed/c0033.jpg,c
output_processed/o11.jpg,o
output_processed/G5980.jpg,G
output_processed/c8100.jpg,c
output_processed/f666.jpg,f
output_processed/h222.jpg,h
output_processed/o55.jpg,o
output_processed/c020.jpg,c
output_processed/u7569.jpg,u
output_processed/i666.jpg,i
output_processed/k88.jpg,k
output_processed/t3040.jpg,t
output_processed/u.jpg,u
output_processed/J5533.jpg,J
output_processed/u1.jpg,u
output_processed/a02.jpg,a
output_processed/c191.jpg,c
output_processed/f7554.jpg,f
output_processed/s7567.jpg,s
output_processed/T5993.jpg,T
output_processed/C5976.jpg,C
output_processed/q22.jpg,q
output_processed/i7364.jpg,i
output_processed/n4928.jpg,n
output_processed/M1356.jpg,M
output_processed/v7570.jpg,v
output_processed/y22.jpg,y
output_processed/z3046.jpg,z
output_processed/d222.jpg,d
output_processed/p55.jpg,p
output_processed/V5545.jpg,V
output_processed/E1285.jpg,E
output_processed/x55.jpg,x
output_processed/e3025.jpg,e
output_processed/n8112.jpg,n
output_processed/C.jpg,C
output_processed/D888.jpg,D
output_processed/t8118.jpg,t
output_processed/L333.jpg,L
output_processed/u1340.jpg,u
output_processed/Y5998.jpg,Y
output_processed/G1350.jpg,G
output_processed/K1291.jpg,K
output_processed/n1294.jpg,n
output_processed/M_5986.jpg,M
output_processed/n7369.jpg,n
output_processed/M188.jpg,M
output_processed/a00.jpg,a
output_processed/Z.jpg,Z
output_processed/s33.jpg,s
output_processed/T.jpg,T
output_processed/e1326.jpg,e
output_processed/C1346.jpg,C
output_processed/s11.jpg,s
output_processed/K1.jpg,K
output_processed/Y1306.jpg,Y
output_processed/z33.jpg,z
output_processed/X1367.jpg,X
output_processed/x11.jpg,x
output_processed/o1296.jpg,o
output_processed/p4931.jpg,p
output_processed/j444.jpg,j
output_processed/m33.jpg,m
output_processed/t7568.jpg,t
output_processed/N.jpg,N
output_processed/X44.jpg,X
output_processed/U.jpg,U
output_processed/G.jpg,G
output_processed/X.jpg,X
output_processed/e7360.jpg,e
output_processed/J1353.jpg,J
output_processed/B1345.jpg,B
output_processed/K66.jpg,K
output_processed/V44.jpg,V
output_processed/u55.jpg,u
output_processed/l5532.jpg,l
output_processed/a5974.jpg,a
output_processed/L44.jpg,L
output_processed/g8105.jpg,g
output_processed/H1.jpg,H
output_processed/S.jpg,S
output_processed/Q1298.jpg,Q
output_processed/q5538.jpg,q
output_processed/q3037.jpg,q
output_processed/W5996.jpg,W
output_processed/o4932.jpg,o
output_processed/e8103.jpg,e
output_processed/y3045.jpg,y
output_processed/g333.jpg,g
output_processed/T5543.jpg,T
output_processed/H1288.jpg,H
output_processed/x7379.jpg,x
output_processed/X1.jpg,X
output_processed/u1304.jpg,u
output_processed/r1341.jpg,r
output_processed/S44.jpg,S
output_processed/s7374.jpg,s
output_processed/D1.jpg,D
output_processed/y55.jpg,y
output_processed/H5981.jpg,H
output_processed/P5989.jpg,P
output_processed/S1362.jpg,S
output_processed/R5541.jpg,R
output_processed/b7357.jpg,b
output_processed/C11.jpg,C
output_processed/i3029.jpg,i
output_processed/l22.jpg,l
output_processed/v55.jpg,v
output_processed/r55.jpg,r
output_processed/F222.jpg,F
output_processed/g777.jpg,g
output_processed/y11.jpg,y
output_processed/T1363.jpg,T
output_processed/r7373.jpg,r
output_processed/p8114.jpg,p
output_processed/g7362.jpg,g
output_processed/Q.jpg,Q
output_processed/Q1.jpg,Q
output_processed/r22.jpg,r
output_processed/i444.jpg,i
output_processed/Z1331.jpg,Z
output_processed/y.jpg,y
output_processed/Y.jpg,Y
output_processed/b023.jpg,b
output_processed/c1325.jpg,c
output_processed/s3039.jpg,s
output_processed/j7365.jpg,j
output_processed/g7555.jpg,g
output_processed/D111.jpg,D
output_processed/C1283.jpg,C
output_processed/P5539.jpg,P
output_processed/d1330.jpg,d
output_processed/b0002.jpg,b
output_processed/x8122.jpg,x
output_processed/N1357.jpg,N
output_processed/s55.jpg,s
output_processed/d332.jpg,d
output_processed/I1.jpg,I
output_processed/j3030.jpg,j
output_processed/o7563.jpg,o
output_processed/v8120.jpg,v
output_processed/q55.jpg,q
output_processed/B0032.jpg,B
output_processed/S1300.jpg,S
output_processed/T33.jpg,T
output_processed/M5536.jpg,M
output_processed/R31.jpg,R
output_processed/I5982.jpg,I
output_processed/F5529.jpg,F
output_processed/j7558.jpg,j
output_processed/L1292.jpg,L
output_processed/w4925.jpg,w
output_processed/w8121.jpg,w
output_processed/f1342.jpg,f
output_processed/m7368.jpg,m
output_processed/a7356.jpg,a
output_processed/D.jpg,D
output_processed/B0001.jpg,B
output_processed/r33.jpg,r
output_processed/P3036.jpg,P
output_processed/w66.jpg,w
output_processed/I.jpg,I
output_processed/z66.jpg,z
output_processed/F.jpg,F
output_processed/e1328.jpg,e
output_processed/e444.jpg,e
output_processed/U1364.jpg,U
output_processed/R5991.jpg,R
output_processed/f444.jpg,f
output_processed/s1339.jpg,s
output_processed/l3032.jpg,l
output_processed/x22.jpg,x
output_processed/k333.jpg,k
output_processed/D1284.jpg,D
output_processed/a003.jpg,a
output_processed/I1289.jpg,I
output_processed/M55.jpg,M
output_processed/F1.jpg,F
output_processed/l55.jpg,l
output_processed/x.jpg,x
output_processed/K1354.jpg,K
output_processed/w.jpg,w
output_processed/u3041.jpg,u
output_processed/c7551.jpg,c
output_processed/Z44.jpg,Z
output_processed/p66.jpg,p
output_processed/I333.jpg,I
output_processed/D5527.jpg,D
output_processed/u1302.jpg,u
output_processed/G222.jpg,G
output_processed/b3022.jpg,b
output_processed/j22.jpg,j
output_processed/g3027.jpg,g
output_processed/d3024.jpg,d
output_processed/x66.jpg,x
output_processed/o8113.jpg,o
output_processed/o33.jpg,o
output_processed/q8115.jpg,q
output_processed/V995.jpg,V
output_processed/O2.jpg,O
output_processed/y7380.jpg,y
output_processed/X1305.jpg,X
output_processed/W1366.jpg,W
output_processed/L5535.jpg,L
output_processed/q7565.jpg,q
output_processed/a01.jpg,a
output_processed/G1.jpg,G
output_processed/u8119.jpg,u
output_processed/p.jpg,p
output_processed/x3044.jpg,x
output_processed/O1358.jpg,O
output_processed/i7557.jpg,i
output_processed/X5997.jpg,X
output_processed/N5987.jpg,N
output_processed/b7550.jpg,b
output_processed/f333.jpg,f
output_processed/t55.jpg,t
output_processed/L1.jpg,L
output_processed/w33.jpg,w
output_processed/g666.jpg,g
output_processed/v7377.jpg,v
output_processed/a8098.jpg,a
output_processed/J.jpg,J
output_processed/i777.jpg,i
output_processed/H1351.jpg,H
output_processed/n333.jpg,n
output_processed/m777.jpg,m
output_processed/p7564.jpg,p
output_processed/j8108.jpg,j
output_processed/x33.jpg,x
output_processed/J44.jpg,J
output_processed/c7358.jpg,c
output_processed/o7370.jpg,o
output_processed/t7375.jpg,t
output_processed/N1.jpg,N
output_processed/p1334.jpg,p
output_processed/n22.jpg,n
output_processed/W5546.jpg,W
output_processed/h7556.jpg,h
output_processed/t1335.jpg,t
output_processed/B5525.jpg,B
output_processed/p33.jpg,p
output_processed/k777.jpg,k
output_processed/z.jpg,z
output_processed/V.jpg,V
output_processed/n.jpg,n
output_processed/r.jpg,r
output_processed/b4927.jpg,b
output_processed/s66.jpg,s
output_processed/z11.jpg,z
output_processed/o1344.jpg,o
output_processed/e666.jpg,e
output_processed/w55.jpg,w
output_processed/u22.jpg,u
output_processed/t22.jpg,t
output_processed/k7559.jpg,k
output_processed/n11.jpg,n
output_processed/q66.jpg,q
output_processed/f777.jpg,f
output_processed/w3043.jpg,w
output_processed/x1338.jpg,x
output_processed/y66.jpg,y
output_processed/q7372.jpg,q
output_processed/C0033.jpg,C
output_processed/g1329.jpg,g
output_processed/Z5999.jpg,Z
output_processed/v66.jpg,v
output_processed/Y8123.jpg,Y
output_processed/l555.jpg,l
output_processed/Z1.jpg,Z
output_processed/d666.jpg,d
output_processed/o.jpg,o
output_processed/h1336.jpg,h
output_processed/c3023.jpg,c
output_processed/E333.jpg,E
output_processed/m44.jpg,m
output_processed/M1293.jpg,M
output_processed/k3031.jpg,k
output_processed/j1343.jpg,j
output_processed/m1333.jpg,m
output_processed/m8111.jpg,m
output_processed/q.jpg,q
output_processed/m666.jpg,m
output_processed/S5992.jpg,S
output_processed/R.jpg,R
output_processed/i8107.jpg,i
output_processed/e222.jpg,e
output_processed/N21.jpg,N
output_processed/B.jpg,B
output_processed/f8104.jpg,f
output_processed/z22.jpg,z
output_processed/r11.jpg,r
output_processed/w1.jpg,w
output_processed/l8110.jpg,l
output_processed/D5977.jpg,D
output_processed/A5524.jpg,A
output_processed/p22.jpg,p
output_processed/l1352.jpg,l
output_processed/P1359.jpg,P
output_processed/H5531.jpg,H
output_processed/q33.jpg,q
output_processed/s.jpg,s
output_processed/K5984.jpg,K
output_processed/a9870.jpg,a
output_processed/o1332.jpg,o
output_processed/r8124.jpg,r
output_processed/C5526.jpg,C
output_processed/v1.jpg,v
output_processed/h666.jpg,h
output_processed/d7552.jpg,d
output_processed/l44.jpg,l
output_processed/z7574.jpg,z
output_processed/G1287.jpg,G
output_processed/k7366.jpg,k
output_processed/Z1369.jpg,Z
output_processed/b1324.jpg,b
output_processed/R1.jpg,R
output_processed/l7367.jpg,l
output_processed/e7553.jpg,e
output_processed/t11.jpg,t
output_processed/f7361.jpg,f
output_processed/Y5548.jpg,Y
output_processed/u23.jpg,u
output_processed/D1347.jpg,D
output_processed/y44.jpg,y
output_processed/o3035.jpg,o
output_processed/v1303.jpg,v
output_processed/U33.jpg,U
output_processed/v.jpg,v
output_processed/v11.jpg,v
output_processed/d777.jpg,d
output_processed/o22.jpg,o
output_processed/u44.jpg,u
output_processed/a061.jpg,a
output_processed/a002.jpg,a
output_processed/T1301.jpg,T
output_processed/w7378.jpg,w
output_processed/N5537.jpg,N
output_processed/X5547.jpg,X
output_processed/a1281.jpg,a
