User ID,name,Gender,Age,EstimatedSalary,Purchased
10000,Anthony Glover,Male,39,147012,1
10001,Steven Hill,Female,24,99556,0
10002,Kathryn Johnson,Female,28,111113,0
10003,Samantha Lewis,Female,30,78451,1
10004,Melissa Clark,Female,38,95148,1
10005,Deborah Carlson,Male,21,33903,0
10006,Shane Jordan,Male,58,117156,1
10007,Allen Ellison,Male,28,106395,1
10008,Brian Reyes,Female,33,75112,0
10009,Jennifer Rose,Female,58,146850,-1
10010,Felicia Greene,Male,52,26567,0
10011,Jessica Walsh,Male,20,137788,0
10012,Aimee Russell,Male,21,21443,0
10013,Betty Cardenas,Male,48,148019,1
10014,Rachel Harris,Male,25,88723,0
10015,Lucas Larson,Male,34,91900,1
10016,Sean Pittman,Male,27,121738,0
10017,Martin Foster,Male,26,97803,0
10018,Omar Preston,Male,39,102565,1
10019,Kimberly Lee,Male,49,22168,1
10020,Jennifer Brady,Female,33,80795,1
10021,Olivia Brown,Female,52,55169,-1
10022,Jessica Gonzales,Female,29,50638,0
10023,Donald French,Female,50,71454,0
10024,John Mason,Female,46,32989,1
10025,Scott Johnson,Male,34,133675,0
10026,Stephanie Hicks,Male,24,108901,0
10027,Breanna Thomas,Female,42,122016,1
10028,Michael Dixon,Male,55,77187,0
10029,Adam Collins,Male,27,35806,0
10030,Kevin Wagner,Male,32,117227,1
10031,John Davis,Female,34,63972,1
10032,James Sparks,Male,40,148808,-1
10033,Amy Jordan,Male,47,145677,0
10034,Nicole Faulkner,Male,22,51691,1
10035,Ashley Tate,Female,26,64240,1
10036,Jeremy Aguirre,Female,49,131339,1
10037,Maria Smith,Female,35,134020,1
10038,Ronald Woods,Male,42,15500,1
10039,Patrick Leon,Female,52,136683,1
10040,Shelley Schmitt,Male,24,46245,0
10041,Shane Thompson,Female,26,111181,1
10042,Patrick Jacobson,Male,35,85535,1
10043,Aaron Gill,Male,29,137036,0
10044,Neil Baker,Female,45,132259,1
10045,Christopher Butler,Male,57,92793,0
10046,Chelsea Odom,Male,39,59339,1
10047,Elizabeth Benton,Male,26,48974,1
10048,Zachary Cervantes,Female,22,93666,0
10049,Joe Nicholson,Female,46,52898,1
10050,Valerie Green,Female,43,124039,1
10051,Breanna Daniels,Female,54,100889,1
10052,Christine David,Male,45,81395,0
10053,Monica Ross,Female,50,115343,1
10054,Robin Nguyen,Female,37,98035,1
10055,Amanda Pierce,Female,33,14941,1
10056,Courtney Turner,Male,37,95802,1
10057,Zachary Tucker,Male,43,21047,0
10058,Donna Mccormick,Male,46,149512,1
10059,Albert Frey,Female,45,136541,1
10060,Susan Lopez,Female,28,124109,0
10061,Danielle Sanders,Male,54,142891,0
10062,William Olson,Female,40,34414,0
10063,Manuel Hoffman,Female,40,19773,1
10064,Ryan Ware,Female,45,89684,0
10065,Wanda Gomez,Female,56,138595,1
10066,Eric Patterson,Female,58,79834,1
10067,Darin Reyes,Male,25,74879,0
10068,Kevin Trujillo,Female,50,117913,0
10069,Dr. Marc Anthony,Female,45,9875,0
10070,Anthony Cruz,Female,50,41424,1
10071,Amanda Adams,Male,33,89604,1
10072,Mercedes Johnson,Male,50,93570,0
10073,Amanda Shaw,Male,26,142233,0
10074,Julie Ballard,Female,56,133870,0
10075,Jerry Barrera,Female,55,129149,1
10076,Brandi Jacobs,Male,45,61699,0
10077,Bobby Ryan,Male,44,70496,0
10078,David Perez,Female,31,10830,1
10079,Elizabeth Michael,Female,34,14585,1
10080,Brandon Munoz,Female,20,127883,0
10081,Stephen Gentry,Male,56,88402,0
10082,Brenda Stevenson,Male,47,42912,0
10083,Diane Morrison,Male,42,38620,1
10084,John Tyler,Female,49,135646,1
10085,Michael Stewart,Male,39,49355,0
10086,Shelby Roberts,Male,52,42281,1
10087,Lee Cameron,Female,36,144897,1
10088,Kristopher Andrade,Male,52,129533,1
10089,Oscar Christensen,Female,57,121661,1
10090,Joseph Keller,Male,40,143873,1
10091,Ronald Franco,Female,21,126686,0
10092,Dr. Kimberly Jones,Female,22,36712,0
10093,James Baker,Female,46,91706,1
10094,Mark Austin,Male,58,143700,1
10095,Kimberly Taylor,Male,38,24188,0
10096,Donna Benson,Male,29,109204,0
10097,Patricia Olson,Female,53,146755,1
10098,Aaron Hopkins,Male,21,40281,1
10099,George Taylor,Male,41,85749,0
10100,Emma Rubio,Male,53,146838,0
10101,John Campbell,Male,29,123588,0
10102,Robin Mendoza,Male,51,99427,0
10103,Dana Bowen,Male,27,125881,1
10104,Stacy Rhodes,Male,33,54742,1
10105,Jasmine Gibson,Male,54,65457,0
10106,Kevin Tyler,Male,45,68436,1
10107,Edward Mckinney,Female,32,36813,1
10108,William Carr,Female,41,15848,0
10109,Gina Mcmillan,Female,47,58784,0
10110,Samantha Thompson,Female,20,73963,0
10111,Adam Morris,Female,21,47629,1
10112,Nicole Cortez,Female,24,94666,0
10113,Johnny Miller,Female,37,120635,0
10114,Jason Miller,Male,57,63863,0
10115,Virginia Goodwin,Female,46,127978,0
10116,Calvin Nunez,Male,59,111260,0
10117,Anthony Clark,Male,24,97577,0
10118,Kevin Camacho,Female,29,34773,1
10119,Darlene Perry,Female,35,127063,0
10120,Jesus Jacobs,Female,26,125083,0
10121,Ashley Dickerson,Male,26,108798,0
10122,Kimberly Williams,Male,46,30258,1
10123,Laurie Green,Female,28,16463,0
10124,Tammy Glover,Male,22,46129,0
10125,Michael Hayes,Male,50,109983,0
10126,David Welch,Male,22,134392,1
10127,Corey Copeland,Female,57,80889,-1
10128,Alexander Vega,Female,33,40962,1
10129,Madeline Campbell,Female,27,32887,1
10130,Jesse Vaughn,Male,35,125136,0
10131,Bradley Gates,Male,34,45414,1
10132,Erik Costa,Female,48,38644,0
10133,Kenneth Blair,Male,21,114783,0
10134,Michael Barton DVM,Male,44,79557,1
10135,Scott Ross,Female,50,78160,0
10136,Brenda Price,Female,40,28492,0
10137,Eric Johnson,Female,27,67859,1
10138,Erin Gonzales,Male,47,129269,1
10139,Jason Perez,Female,57,60322,1
10140,Robert Caldwell,Male,36,57011,0
10141,Michelle Kelley,Female,58,109423,1
10142,Michael Rivers,Female,38,119580,0
10143,Jennifer Daniel,Female,48,52255,1
10144,Benjamin Reese,Female,52,27797,1
10145,Jennifer Johnson,Male,25,132298,1
10146,Jacqueline Myers,Female,53,93968,0
10147,Ms. Janet Pratt,Male,38,136413,0
10148,Mr. Jacob Serrano,Female,41,18251,0
10149,Catherine Mcbride,Female,55,88150,0
10150,Gary Woodard,Female,26,21930,0
10151,Michelle Walton,Female,33,38187,0
10152,Brianna Rose,Female,48,104764,1
10153,Christine Dougherty,Female,22,52476,1
10154,Edward Stanton,Female,50,73535,0
10155,David Owens,Male,22,95830,1
10156,Michelle Conner,Female,32,60779,1
10157,Amber Bowen,Female,26,88292,1
10158,Chris Chavez,Female,28,81073,1
10159,Donna Grant,Female,44,37155,1
10160,Paul Blankenship,Female,30,15877,0
10161,Paul Watson,Male,44,108953,1
10162,Jessica Wilson,Female,58,123393,0
10163,Alexandra Rollins,Male,53,27624,1
10164,Jessica Nguyen,Male,20,82699,0
10165,Jose Young,Female,48,51904,1
10166,Kristine Guzman,Male,50,101788,1
10167,Ronald Watts,Male,24,37580,1
10168,Frederick Garza,Female,20,111989,1
10169,Jessica Eaton,Male,40,109402,1
10170,Gabriel Woods,Female,46,83326,1
10171,Megan Garcia,Female,54,88759,0
10172,Donald Welch,Male,36,139267,1
10173,Colin Murillo,Female,35,75926,0
10174,Diana Hart,Male,52,9966,0
10175,Charles Rivera,Female,59,10238,1
10176,Steve Foster,Male,21,61501,1
10177,Andrew Nielsen,Female,26,115120,0
10178,Chad Walker,Male,36,54820,1
10179,Patricia Morgan,Female,58,126299,0
10180,Jesse Smith,Male,29,110447,0
10181,Jacqueline Lamb,Female,28,99381,1
10182,Richard Miller,Female,42,149816,0
10183,Christine Byrd,Female,26,147454,0
10184,Laura Miles,Male,23,83087,1
10185,Corey Hebert,Male,23,92288,1
10186,Aaron Wallace,Female,26,105572,0
10187,Andre Williams,Female,45,108543,0
10188,Michael Lewis,Female,24,110991,0
10189,Kendra Sweeney,Female,38,126951,0
10190,Patricia Garcia,Female,31,114977,-1
10191,Tracey Cook,Male,57,63482,-1
10192,Penny White,Male,20,44972,1
10193,Ivan Phillips,Male,45,107249,1
10194,Andrew Bullock,Male,26,47730,1
10195,Christopher Brooks,Female,23,24638,0
10196,Kristin Gordon,Male,58,67060,1
10197,Devin Foster,Male,50,101922,0
10198,Kimberly Martin,Female,20,148690,1
10199,Jennifer Randall,Male,58,118949,1
10200,Carolyn Robinson,Female,24,134330,0
10201,Todd Williams,Male,49,98629,0
10202,Dustin Reyes DDS,Male,32,39063,1
10203,Susan Hoffman,Male,25,9159,0
10204,Wanda Jackson,Female,42,28288,1
10205,John Watson,Male,58,142315,1
10206,Donald Taylor,Female,50,64119,0
10207,Jessica Lawrence,Female,38,47480,1
10208,Sarah Johnson,Male,36,126557,0
10209,Lee Moore,Female,44,80199,1
10210,Joseph Daniels,Male,26,63385,0
10211,Ricky Warren,Female,31,62809,1
10212,Zachary Sims,Male,51,65814,1
10213,Robert Brown,Male,26,19815,0
10214,Madison Short,Female,53,56858,1
10215,Abigail Carter,Male,29,101803,0
10216,Andrew Torres,Female,55,141969,-1
10217,Timothy Hester,Female,38,77598,1
10218,Robert Smith,Female,35,44071,1
10219,Kristopher Mcdaniel,Female,20,144488,0
10220,Megan Lane,Male,53,24743,1
10221,Joseph Hendricks,Male,41,81481,1
10222,Dr. Veronica Lawson,Female,47,148485,1
10223,George Velez,Male,30,129525,0
10224,Jenna Dunlap,Female,56,59629,1
10225,Jennifer Hill,Female,54,145953,0
10226,Ruth Lewis,Male,24,15395,0
10227,Nicole Smith,Male,59,57751,0
10228,Lori Baker,Female,59,70608,0
10229,Cory Cox,Female,44,141038,0
10230,Amber Williams,Male,32,68756,0
10231,Phyllis Montoya,Female,35,100545,1
10232,Adam Marquez,Female,20,45911,0
10233,Ian Maxwell,Male,36,68879,0
10234,Elizabeth Reeves,Male,37,61193,1
10235,Kathleen Dunn,Female,50,21550,1
10236,William Brown,Male,47,124504,0
10237,Angela Gonzalez,Male,23,126534,0
10238,Maria Dixon,Female,22,94737,0
10239,Jimmy Dawson,Female,54,63678,0
10240,Charles Jackson,Female,55,75593,1
10241,Sarah Kelly,Male,54,144021,0
10242,Judith Long,Male,48,111393,1
10243,Alexandra Williamson,Male,30,41721,1
10244,Tanner Parker,Female,34,65356,0
10245,Linda Fletcher,Female,48,82577,-1
10246,Joseph Wright,Female,59,110497,0
10247,Matthew Silva,Female,30,73708,0
10248,Tiffany Mcbride,Female,43,106485,0
10249,Bradley Lindsey,Male,53,93318,1
10250,Caitlin Phillips,Female,55,102782,0
10251,Natasha Brown,Female,54,105510,1
10252,Kyle Phillips,Female,53,40315,1
10253,Jodi Armstrong,Female,44,127042,1
10254,John Rodriguez,Male,56,42258,1
10255,Kelly Ruiz,Female,26,16871,1
10256,Ashley Tran,Female,37,96145,1
10257,Brendan Rogers,Male,41,108061,1
10258,Timothy Lane,Male,36,28566,-1
10259,David Valencia,Female,41,136395,1
10260,Felicia Morgan,Male,42,62471,1
10261,Lisa Butler,Male,28,15119,0
10262,Martin Koch,Female,44,88452,1
10263,Nicholas Whitney,Male,46,19670,0
10264,Rebecca Brock,Male,43,28526,1
10265,Melvin Hill,Male,39,112520,0
10266,Manuel Young,Female,45,78318,1
10267,Ashley Garcia,Female,55,21875,1
10268,Andrew Simpson,Female,42,75925,1
10269,Peter West,Male,36,53266,1
10270,Randy Romero,Male,36,67267,1
10271,Rebecca Figueroa,Female,56,41652,0
10272,Duane Smith,Female,29,74178,0
10273,Caleb Cain,Male,52,24127,1
10274,James Stevens III,Male,59,30209,0
10275,Ashlee Gutierrez,Female,48,134664,1
10276,Kenneth Turner,Female,59,91770,0
10277,Melissa Graham,Male,37,143201,1
10278,Catherine Miller,Female,28,47888,0
10279,William Shea,Male,34,74218,1
10280,Brandi Martin,Male,49,108251,1
10281,Kevin Evans,Male,32,87818,0
10282,Heather Moore,Female,49,25273,1
10283,Natalie Berry,Male,24,68850,0
10284,Dana Morgan,Male,20,138821,1
10285,Candace Lowe,Male,39,27217,0
10286,Mr. Kenneth Martin,Male,45,54422,0
10287,Austin Mccarthy,Male,42,60064,0
10288,Stephanie Ray,Female,21,123505,0
10289,Jennifer Collins,Male,56,96048,0
10290,Amanda Sullivan,Male,20,113258,-1
10291,Brett White,Male,33,39562,-1
10292,Christy Cabrera,Female,30,92788,0
10293,Christine Rose,Female,31,110124,-1
10294,Hailey Adams,Female,45,101605,0
10295,Christopher Hernandez,Female,59,65966,0
10296,Natasha Lane,Male,53,44098,0
10297,Robert Carpenter,Female,27,109110,1
10298,Jill Doyle,Female,50,35901,1
10299,Brittany Allen,Female,57,143772,0
10300,Laura Payne,Female,35,93015,1
10301,Michelle Hill,Female,34,133109,1
10302,Amy Taylor,Female,37,29439,0
10303,Jeremy Freeman,Male,36,63054,1
10304,Emily Cherry DVM,Male,41,96248,1
10305,Michael Davila,Female,25,92446,0
10306,Bryan Cole,Male,22,45495,0
10307,Lisa Jarvis,Male,46,110657,1
10308,James Smith,Male,45,26783,-1
10309,Jackie Douglas,Female,25,11215,1
10310,Cheryl Snow,Female,42,111046,1
10311,Douglas Snyder,Female,47,19645,1
10312,Madeline Adams,Female,28,91782,1
10313,Gordon Hayes,Female,28,56409,0
10314,Jonathan Harris,Female,52,51194,-1
10315,Tasha Robles,Male,38,128837,1
10316,Roberta Martin,Male,34,104248,0
10317,Patricia Morales,Female,32,123141,1
10318,Cheyenne Bradford,Female,49,82787,0
10319,Anita Miller,Female,22,82299,1
10320,Daniel Fields,Male,57,86846,1
10321,Tara Burke,Male,32,87095,0
10322,Angela Hoffman,Female,28,148512,0
10323,Sophia Cherry,Male,28,69107,1
10324,Loretta Vang,Female,29,30362,1
10325,Austin Chan,Female,33,11065,1
10326,Sean Malone,Female,48,123532,1
10327,Javier Montgomery,Female,45,119477,0
10328,Seth Thompson,Female,53,96831,1
10329,Kathleen Dillon,Male,23,121923,0
10330,Sharon Goodwin,Female,42,83690,1
10331,Andrew Delacruz,Female,55,137796,1
10332,Nathan Hodge,Male,27,94214,0
10333,Megan Torres,Male,20,64016,1
10334,Christine Green,Female,21,83673,1
10335,Jeff Davis,Female,21,91965,0
10336,Sherri Bauer,Female,50,104027,1
10337,Jennifer Smith,Male,24,75739,0
10338,Derek Brock,Female,46,52332,1
10339,Charles Saunders,Male,41,139665,1
10340,Katherine Smith,Female,44,77829,1
10341,James Vincent,Female,21,132166,0
10342,Lisa Moore,Female,52,118584,1
10343,Melanie Ramirez,Female,59,126581,0
10344,Paul Taylor,Male,26,105692,1
10345,Kelly Alexander,Male,58,107374,1
10346,Sharon Johnson,Male,39,71927,1
10347,Jeffrey Taylor,Male,54,39053,-1
10348,Kayla Dyer,Male,40,144195,0
10349,Rebecca Reyes,Female,35,71304,1
10350,Robert King,Male,30,100965,0
10351,Lucas James,Female,34,117513,0
10352,Robert Mann,Male,21,68438,0
10353,Tara Howard,Female,49,123804,0
10354,James Smith,Male,58,56330,0
10355,Samuel Fletcher,Male,54,101095,0
10356,David Ramirez,Male,59,149272,1
10357,Tracey Liu,Female,30,105806,0
10358,Daniel West,Male,25,25594,0
10359,Marilyn Pugh,Male,46,41271,0
10360,Sarah Young,Female,22,42527,1
10361,Emily Baker,Female,38,56910,0
10362,Peter Harvey,Female,26,86735,0
10363,Caleb Hall,Male,46,85968,1
10364,Matthew Stone,Male,48,78647,0
10365,Fernando Lewis,Male,24,87204,1
10366,Alyssa Hernandez,Male,33,10684,1
10367,Thomas Freeman,Male,59,86304,0
10368,Terri Smith,Male,25,11166,1
10369,Sandra Rogers,Female,22,145394,0
10370,Nicholas Vaughn,Female,36,44118,1
10371,Robert Taylor,Male,48,56471,1
10372,Robert Bush,Female,33,35561,0
10373,Richard Downs,Male,39,88673,1
10374,Kelly Craig,Male,22,59996,1
10375,Rebecca Phillips,Female,56,107883,1
10376,Nicole Johnson,Female,32,78866,0
10377,Kelly Oliver,Male,22,28743,0
10378,Lori Jackson,Female,44,104476,0
10379,Kaitlyn May,Male,23,32625,1
10380,Jennifer Acosta,Male,59,104217,0
10381,Christina Soto,Female,20,134909,-1
10382,Alec Bentley,Male,44,78228,1
10383,Kimberly Thompson,Female,38,37711,0
10384,Autumn Glenn,Female,38,146701,1
10385,Katherine Copeland,Male,47,114273,1
10386,Joanna Fields,Female,30,131147,0
10387,Glen Ritter,Female,53,92445,1
10388,Shawn Hansen,Female,44,74709,0
10389,Mitchell Smith,Female,49,9123,1
10390,Corey Taylor,Male,27,132528,1
10391,William Campos,Male,42,139978,1
10392,Wendy White,Female,30,110754,1
10393,Corey Nguyen,Female,26,9278,1
10394,Jasmine Evans,Female,48,37435,1
10395,Juan Robbins,Male,37,64601,0
10396,Dave Murphy,Male,24,60588,1
10397,Christopher Gray,Female,48,77206,0
10398,Jennifer Leach,Female,57,33581,1
10399,Selena Christensen,Female,23,135296,1
10400,Daniel Alexander,Male,23,40658,1
10401,Ruth Bennett,Female,54,57745,0
10402,Kent Downs,Male,49,25705,0
10403,Timothy Beard,Female,34,47350,0
10404,Shawn Harris,Female,49,62035,0
10405,Samantha Davis,Female,41,12072,1
10406,Kaitlin Green,Male,29,133460,1
10407,Brandy Mahoney,Female,27,17961,0
10408,Suzanne Mercado,Female,28,135348,0
10409,Joseph Obrien,Female,46,20402,0
10410,Jason Garrett,Male,28,42308,1
10411,Matthew Nelson,Male,52,106379,0
10412,Tina Barnes,Male,53,36603,1
10413,Sandra Velasquez,Male,45,71663,0
10414,Christopher Potts,Female,45,111514,0
10415,Kelsey White,Female,25,108908,0
10416,Traci Guerrero,Female,33,100497,0
10417,Joseph Parker,Male,43,8175,1
10418,Amy Young,Female,34,85908,-1
10419,Robert Khan,Male,28,68460,-1
10420,Jessica Gordon,Female,35,49685,1
10421,Emily Winters,Female,50,84538,1
10422,Matthew Bennett,Male,28,125945,1
10423,Laura Kelly,Female,50,20478,0
10424,Mrs. Jessica Bartlett PhD,Female,45,77551,0
10425,Roger Lee,Female,55,38306,0
10426,Lawrence Hammond,Male,20,107990,0
10427,Brad Beck,Female,59,18344,1
10428,William Montgomery,Male,46,13661,1
10429,Angela Crawford,Female,37,68292,0
10430,Patrick Rogers,Female,53,120361,0
10431,Vincent Mcdowell,Female,46,144712,0
10432,Tyler Norris,Male,45,40736,0
10433,Mark Bradley,Female,56,123008,1
10434,Jessica Steele,Female,59,80332,1
10435,John Shepherd,Female,38,104228,0
10436,Dennis Fuentes,Male,32,83847,0
10437,Jonathan Grimes Jr.,Female,36,40943,1
10438,Jason Campbell,Male,44,111663,0
10439,Randall Perry,Female,43,33493,0
10440,Crystal Tate,Male,57,83492,0
10441,Jean Clarke,Male,48,18742,0
10442,Michelle Contreras,Female,36,89793,1
10443,Robert Graham,Male,54,111489,1
10444,Jeanette Austin,Female,23,136148,0
10445,Rhonda Hickman,Female,35,73482,0
10446,Leslie Calderon,Female,52,26460,0
10447,Adrian Diaz,Female,56,117587,0
10448,William Medina,Female,28,102455,0
10449,Tyler Williams,Male,23,63416,1
10450,Jose Hancock,Female,23,115726,0
10451,Nathan Ford,Male,36,101323,1
10452,Steven Smith,Male,36,102817,1
10453,Katherine Barajas,Female,51,119451,0
10454,Amber Mccarthy,Male,42,44838,0
10455,Christina Sanchez,Female,28,101498,0
10456,Rebecca White,Female,20,66627,0
10457,Wendy Paul,Female,33,141503,0
10458,Michelle Gonzalez,Male,31,66851,1
10459,James Anderson,Male,22,17274,0
10460,Mark Schmidt,Male,31,21104,0
10461,Emily Terry,Female,42,109217,0
10462,Joseph Delgado,Female,24,94287,1
10463,Christine Thomas,Male,58,82563,0
10464,Shannon Golden,Male,29,79455,1
10465,David Smith,Male,20,92014,1
10466,Ray Contreras,Male,53,112958,1
10467,Erica Sherman,Male,23,66492,0
10468,Shari Grimes,Female,31,48518,1
10469,Suzanne Short,Male,49,9787,0
10470,Ryan Diaz,Female,23,79459,0
10471,Kyle Gutierrez,Female,25,79855,-1
10472,Linda Alexander,Female,43,53995,1
10473,Daniel Shields,Female,36,70708,0
10474,Claudia Dillon,Female,48,128599,1
10475,Mark Dudley,Male,20,56012,1
10476,Rachel Hammond,Male,57,102607,1
10477,Robin Coleman,Female,58,79013,0
10478,Timothy Mccoy,Male,33,65444,0
10479,Joseph Barnett,Female,38,125675,1
10480,Nicholas Parsons,Female,52,10888,0
10481,Keith Delgado,Female,52,72041,0
10482,Jessica Smith,Male,36,53199,1
10483,Arthur Rubio,Female,38,78814,1
10484,William Williams,Male,32,102994,0
10485,Alejandro Cooper,Male,21,117606,1
10486,David Ibarra,Female,50,67280,0
10487,Jonathan Flores,Male,32,137521,1
10488,Deborah Sanders,Female,42,81509,0
10489,Colleen Mueller,Male,28,31240,1
10490,Sandra Smith,Female,57,117546,1
10491,Mark Wilson,Male,48,42470,1
10492,Ms. Wendy Jones,Female,44,108780,0
10493,Patricia Terrell,Female,20,131913,0
10494,Alexander Simmons,Male,41,90607,0
10495,Vincent Coleman,Male,51,101267,0
10496,Martha Park,Female,56,80717,0
10497,Michele Knight,Male,26,141529,0
10498,David Wu,Male,31,72208,1
10499,Michelle Porter,Female,46,52273,1
10500,Jesse Hickman,Male,55,9350,1
10501,Taylor Hampton,Male,55,11028,0
10502,Dr. Steven Smith,Male,24,90949,0
10503,Paul Jordan,Male,56,74519,1
10504,Larry Dougherty,Female,35,43071,0
10505,Kimberly Young,Female,51,60483,1
10506,Melinda Davis,Male,38,89718,1
10507,Sarah Crawford,Female,22,25294,1
10508,Kathy Bishop,Female,27,73338,1
10509,Joyce Love,Female,28,29253,0
10510,Mr. John Brennan DDS,Male,38,88419,0
10511,Shannon Mendez,Male,54,36264,1
10512,Nathan Johnson,Female,46,68084,1
10513,Cody Farley,Female,34,75043,1
10514,Mrs. Erica Chen,Female,24,73532,-1
10515,Maria Sandoval,Male,50,94297,0
10516,Alexander Gonzalez,Female,39,136681,0
10517,Jessica Moody,Male,57,67787,0
10518,Robert Smith,Female,46,78609,0
10519,Matthew Herrera,Male,45,30440,-1
10520,Kristopher Valdez,Female,25,83658,0
10521,Joseph Johnson,Female,49,99905,1
10522,Amy Bautista,Male,31,29555,1
10523,David Boyd,Male,32,108898,0
10524,Brianna Juarez,Male,43,12289,0
10525,Kevin Lopez MD,Male,26,121804,1
10526,Thomas Young,Male,24,62510,-1
10527,Joel Ward,Female,25,93277,1
10528,Robert Anderson,Female,24,118447,0
10529,Gabrielle Allen,Male,26,60235,0
10530,Renee Jones,Male,49,142649,1
10531,Benjamin Santiago,Female,42,57710,1
10532,Melissa Elliott,Male,54,120214,0
10533,Erin Joyce,Male,44,60819,1
10534,Kathleen Price,Female,47,69694,0
10535,Amy Lewis,Female,42,49808,1
10536,Eric Jones,Male,41,40386,0
10537,Sherri Smith,Female,41,49291,0
10538,Ashley Lester,Female,43,123825,0
10539,Lindsey Rogers,Male,32,59659,0
10540,Robin Andrews,Female,37,129744,1
10541,Cory Rangel,Female,28,119478,1
10542,Richard Rush,Female,47,119989,1
10543,Paul Bishop,Male,56,13694,1
10544,Monica Matthews,Female,58,116438,1
10545,Malik Butler,Female,35,65373,0
10546,Jennifer Rodgers,Female,31,24046,0
10547,Mary Robinson,Female,38,73516,1
10548,Catherine Smith,Female,27,143142,1
10549,Lori Howard,Female,35,33224,-1
10550,Jennifer Smith,Female,42,71239,-1
10551,Teresa Parker,Female,42,133453,0
10552,David Carter,Female,49,125896,1
10553,Willie Mcdowell,Female,31,30831,0
10554,Ricky Cardenas,Male,42,48192,0
10555,Nathaniel Dixon,Male,44,149973,1
10556,Daniel Green,Male,57,46588,0
10557,Jimmy Keller,Female,41,103938,1
10558,Mike Brown,Female,28,142479,0
10559,Jason Allen,Female,58,36332,1
10560,Ryan Fuller,Male,49,45868,0
10561,Zachary Horn,Female,56,125700,0
10562,Preston Banks,Female,56,146784,0
10563,Tracy Todd,Female,54,38857,1
10564,Erika Hall,Male,51,142574,1
10565,Carolyn Smith,Male,48,135769,1
10566,Angela Young,Female,32,18509,0
10567,Katrina Nguyen,Male,21,110477,0
10568,Taylor Morrow,Female,54,96344,0
10569,Kathy Barnett,Male,28,95237,1
10570,Christina Frazier,Male,47,14663,0
10571,Cathy Aguirre,Male,40,145623,1
10572,David Robertson,Male,39,69098,1
10573,Jessica James,Female,42,97029,1
10574,Jason Schmidt,Female,49,118173,0
10575,Martin Howard,Male,41,144550,1
10576,Gary Davis,Male,22,37106,1
10577,Roger Thompson,Female,51,60240,0
10578,Karl Burton,Female,36,105655,1
10579,Daniel Boyd,Female,36,51582,0
10580,Jillian Mcmillan,Female,42,110853,0
10581,Lisa Bauer,Female,41,42107,0
10582,Cynthia Wilson,Female,40,70949,1
10583,Joseph Bryan,Female,22,30771,1
10584,Amber Watts,Female,38,120534,1
10585,Julie Stevens,Female,59,65388,0
10586,Lisa Taylor,Female,27,93428,0
10587,Andrew Hamilton,Female,34,112934,1
10588,Crystal Hernandez,Female,49,135930,1
10589,Grant Morrow,Male,33,38665,0
10590,Angela Potter,Male,25,32723,1
10591,James Williams,Female,38,83850,1
10592,Gregory Rodriguez,Female,30,99195,0
10593,Shawn Charles,Female,48,79906,0
10594,Kayla Johnson,Female,23,61543,0
10595,Elizabeth Cooke,Male,59,121880,1
10596,Erin Hansen,Female,24,36087,1
10597,Kathleen Wong,Female,39,75166,0
10598,James Woodard,Female,22,48141,0
10599,Patrick Mcdonald,Female,24,72123,1
10600,Alicia Wong,Female,28,91472,0
10601,James Hines,Male,22,33068,1
10602,Taylor Davis,Male,28,63472,0
10603,Stephen Reyes,Male,36,37155,0
10604,Steven Holt,Male,42,30867,1
10605,Charles Coleman,Male,24,87145,0
10606,Anita Burns,Female,32,100773,1
10607,John Ryan,Male,55,148770,0
10608,Tyler Baker,Female,33,126366,1
10609,Jeffrey Farmer MD,Female,43,118705,-1
10610,Victoria Ibarra,Male,30,129114,0
10611,Jordan Walker,Female,20,74606,1
10612,Dominique Wade,Female,33,113721,0
10613,Tracey Lopez,Male,50,42477,0
10614,Tabitha Peterson,Male,51,17327,1
10615,Aaron Smith,Male,58,117134,0
10616,Julie Turner,Female,55,10984,0
10617,Michael Robinson,Female,25,16893,0
10618,Linda Wang,Female,56,55792,1
10619,Richard Parker,Female,24,98826,0
10620,Amanda Campbell,Male,28,119140,1
10621,John Reynolds,Female,46,121747,0
10622,Jimmy Campbell,Female,43,57326,0
10623,Malik Parker,Female,35,125728,1
10624,Michael Tapia,Female,24,38345,0
10625,Kayla Webb,Female,21,62418,0
10626,Matthew Bryan,Male,24,58657,0
10627,Rachel Spencer,Male,47,145336,0
10628,Jonathan Gibson,Female,28,87886,0
10629,Christopher Harmon,Female,39,109224,0
10630,Trevor May,Male,52,49260,1
10631,Stephanie Nelson MD,Male,55,80006,0
10632,Jason Henry,Male,39,133441,1
10633,Colleen Figueroa,Male,31,121303,0
10634,Amy Potts,Female,21,103907,1
10635,Michael Griffin,Female,55,93056,1
10636,Lisa Ryan,Female,26,51007,1
10637,Brandon Powell,Male,52,15276,0
10638,James Olson,Male,41,55822,0
10639,Robert Schultz,Female,56,53375,0
10640,Casey Williamson,Male,53,58375,1
10641,Teresa Novak,Male,56,116145,1
10642,Jeffrey Garcia,Female,23,21247,0
10643,Kristi Lawrence,Male,37,24936,0
10644,Derrick Allen,Female,20,101955,0
10645,David Maxwell,Male,26,89132,1
10646,Jasmin Smith,Male,42,39092,0
10647,Margaret Graham,Male,34,33090,1
10648,Michele Jones,Female,44,68860,0
10649,Kristina Martin,Female,56,100032,1
10650,Matthew Lewis,Female,53,117681,1
10651,Rachel Taylor,Female,30,84110,1
10652,James King,Female,38,146672,0
10653,Danielle Flynn,Male,40,115247,0
10654,Robert Mitchell,Female,38,56288,0
10655,Sean Perez,Male,30,18164,1
10656,Elizabeth Burns,Female,29,37830,1
10657,Russell Farley,Female,21,92485,0
10658,Adam Campbell,Male,20,81852,1
10659,Tina Webb,Female,28,148144,0
10660,Alexander Martinez,Female,40,48829,1
10661,Mary Lane,Female,42,38954,0
10662,Rachel Ballard,Male,52,130294,1
10663,Brooke Rivera,Female,49,143784,1
10664,Patricia Ward,Female,25,102841,0
10665,Kenneth Meza,Female,25,111892,1
10666,Christina Walker,Female,30,60927,0
10667,Jason Hardy,Female,59,74009,1
10668,Mr. Kyle Vasquez Jr.,Male,56,113781,1
10669,Anthony Santana,Female,43,99604,0
10670,Paul Scott,Male,21,100145,1
10671,Jeffrey Rivera,Female,51,90795,1
10672,Dr. Madeline James,Male,45,55391,1
10673,Carrie Brown,Female,59,20763,0
10674,Matthew Huang,Male,42,23212,0
10675,Thomas Gomez,Female,43,52731,0
10676,Theresa White,Female,29,136494,0
10677,James Ramirez,Male,33,39765,0
10678,Cindy Allen,Male,46,28857,0
10679,Nancy Chavez,Female,52,53656,0
10680,Donald Thompson,Female,45,114628,0
10681,Michelle Mathis,Male,57,54736,0
10682,Dustin Walter,Female,37,16558,0
10683,Rebecca Smith,Female,29,43884,1
10684,Claudia Young MD,Male,46,117345,1
10685,Deanna Yang,Male,54,26992,0
10686,Casey Lopez,Female,56,103223,0
10687,Mitchell Brown,Female,24,109598,1
10688,Catherine Turner,Female,26,21884,1
10689,David Martin,Female,34,127767,0
10690,Misty Carpenter,Male,34,35279,0
10691,Katherine Cox,Male,47,132430,0
10692,Marcus Perkins,Male,35,82065,1
10693,David Gonzalez,Male,52,140682,0
10694,Phillip Shields,Female,30,147178,0
10695,Morgan Sheppard,Female,24,73162,1
10696,Connor Graham,Male,39,56865,1
10697,Michele Torres,Female,52,135367,1
10698,Julian Hill,Female,32,33183,0
10699,Michael Holt,Female,29,76928,0
10700,Kathleen Walker,Male,27,12762,0
10701,Christopher Burgess,Male,28,55611,1
10702,John Heath,Female,38,8230,0
10703,Cheryl Wagner,Male,52,58614,-1
10704,Gabrielle Gibbs,Female,24,27605,0
10705,Erica French,Female,30,85339,-1
10706,Brian Fernandez,Female,28,9445,0
10707,Christina Mckinney,Female,26,115012,0
10708,Melanie Young,Male,38,56106,0
10709,Rachel Baker,Male,29,65723,1
10710,Jessica Chapman,Female,42,19169,1
10711,Donna Phelps,Female,35,117794,1
10712,Connor Johnson,Male,52,14936,1
10713,Renee Bell,Male,44,65421,0
10714,Yolanda Carr,Male,32,118113,0
10715,Stephen Colon,Female,50,25229,0
10716,Cynthia Taylor,Female,54,118855,0
10717,Christina Burnett,Female,59,96727,0
10718,Denise Miller,Male,53,122023,1
10719,Dillon Sanders,Male,44,100782,1
10720,Brittany Roberts,Female,44,128401,0
10721,Susan Hampton,Male,38,92657,1
10722,Jessica Turner,Female,54,72964,1
10723,Bryan Lane,Female,58,85591,0
10724,Raymond Miller,Male,37,69689,0
10725,Molly Meyers,Male,26,29531,1
10726,Richard Jacobs,Female,59,95823,0
10727,Glenn Grant,Female,58,22759,1
10728,Felicia Munoz,Female,46,32402,0
10729,Mrs. Jenna Gibbs,Female,47,147712,0
10730,Stacy Myers,Female,24,84075,1
10731,Rebecca Anderson,Male,51,38064,0
10732,Crystal Brady,Male,50,16796,0
10733,Mrs. Caroline Tran,Male,22,97343,1
10734,Ricardo White,Male,38,42712,1
10735,Joel Ramsey,Female,22,77587,0
10736,Christopher Brown,Male,36,114321,-1
10737,Kelsey Schultz,Male,25,96315,1
10738,Mrs. Rhonda Klein,Male,34,57831,0
10739,Stephen Boone Jr.,Male,27,102122,0
10740,Christopher Gonzalez,Male,53,84816,0
10741,Bradley Allen,Female,59,61295,-1
10742,Ariel Padilla,Female,27,44829,1
10743,Elizabeth Dawson,Female,57,146006,1
10744,Jeffery Obrien,Female,43,148732,0
10745,Eric Miller,Female,25,19164,0
10746,Daniel Lopez,Male,33,103442,1
10747,Crystal Pena,Male,53,77639,0
10748,Joseph Castillo,Male,51,39250,1
10749,Yvette Whitaker,Female,24,12652,1
10750,Noah Wright,Female,30,123127,1
10751,Jason Wong,Male,46,76667,1
10752,Laura Atkinson,Male,49,83223,0
10753,Justin Hudson,Female,45,74859,1
10754,Amy Gonzalez,Female,34,145383,1
10755,Julie Park,Male,48,90717,1
10756,Terrence Espinoza,Male,49,40723,0
10757,Sara Lopez,Female,29,108019,1
10758,Benjamin Duncan,Male,40,147985,0
10759,David Cummings,Male,37,9763,0
10760,Christopher Thomas,Male,32,85028,1
10761,Karen Dickson,Female,55,101762,1
10762,Joy Johnson MD,Male,42,59352,1
10763,Yolanda Hill,Female,42,22681,1
10764,Benjamin Brennan,Female,43,21623,0
10765,Jeffrey Johnson,Male,48,122115,0
10766,Mariah Wagner,Female,30,30283,1
10767,Matthew Rose,Female,58,21881,0
10768,Jody Velasquez,Male,28,40833,0
10769,Billy Hancock,Female,50,102830,1
10770,Heidi Turner,Male,44,9215,0
10771,Theresa Lawrence,Female,38,20271,0
10772,Paul Watson,Male,41,93322,1
10773,Kara Brown,Female,38,94367,0
10774,Kimberly Adams,Female,24,105144,1
10775,Scott Hill,Male,21,32361,0
10776,Jerry Vasquez,Female,42,92888,0
10777,Melissa Ramirez,Female,29,83607,0
10778,Jose Young,Female,37,66321,0
10779,William Foley,Female,34,88112,0
10780,Jesse Curtis,Male,20,40973,0
10781,George Russell,Female,22,112245,1
10782,Pamela Fleming,Female,36,42703,0
10783,Keith Jenkins,Female,30,36844,1
10784,Mark Harris,Female,38,47980,0
10785,Jeffrey Foster,Female,27,56167,0
10786,Dr. Meagan Singh DVM,Male,30,40399,1
10787,Amy Hebert,Male,27,25777,1
10788,Ashley Snyder,Male,46,71490,1
10789,Cristina Huffman,Female,55,26596,1
10790,Christopher Morales,Female,48,19721,1
10791,Christine Riley,Female,57,71299,0
10792,Sara Zavala,Male,50,103615,1
10793,Michael Martinez,Female,30,125075,1
10794,Aaron Martinez,Female,38,85339,0
10795,Brandi Haley,Female,54,122283,0
10796,Diane Alvarado,Male,40,78544,0
10797,Catherine Fox,Male,46,55165,0
10798,Molly Barnes,Male,59,44558,0
10799,Joyce Gutierrez,Male,42,63117,1
10800,James Curry,Male,29,34503,0
10801,Christopher Murillo,Male,20,123821,0
10802,Dr. Erin Baker,Female,59,121568,0
10803,Erin Moore,Male,31,15045,1
10804,Melissa Lee,Male,37,52858,-1
10805,Angelica Marquez,Male,56,120283,0
10806,Taylor Wolf,Female,51,35660,0
10807,Jason Johnson,Female,23,139370,0
10808,Jennifer Ross,Male,48,87176,1
10809,Andrew Kelly MD,Female,32,73960,-1
10810,Logan Mendez,Male,26,130547,0
10811,Daniel Mcneil,Male,50,70961,0
10812,Victoria Price,Male,29,22058,0
10813,Shawn Martinez,Male,47,108853,1
10814,Laura Evans,Female,36,84690,0
10815,Jacob Adkins,Male,22,127197,1
10816,Alan Lawson,Male,45,94909,1
10817,Patrick Martinez,Female,55,33736,0
10818,Jessica Baldwin,Female,21,22250,1
10819,Joseph Sullivan,Male,24,105857,1
10820,Sean Burns,Female,25,12053,0
10821,Molly Harper,Female,50,35022,1
10822,Emily Lara,Male,54,38291,1
10823,Mark Williams,Female,33,69789,1
10824,James Myers,Female,20,94289,1
10825,Todd Flores,Female,58,129594,1
10826,Jonathan Martinez,Female,46,125202,1
10827,Jesse Ward,Female,26,29459,0
10828,Mrs. Diana Obrien,Male,28,83824,0
10829,Kristen Lewis,Female,39,83678,1
10830,Timothy Park,Male,40,66991,1
10831,Patrick Boyer,Male,26,148999,0
10832,Laura Jones,Male,55,142630,0
10833,Jessica Rios,Female,46,19104,0
10834,Felicia White,Male,35,94164,0
10835,Michael Rivas,Male,45,49771,1
10836,Erik Wilkins,Female,25,66073,0
10837,Betty Sandoval,Male,49,147844,0
10838,Kelli Gill,Female,22,16096,1
10839,James Allen,Male,30,139613,1
10840,Gloria Lopez,Male,36,146888,1
10841,Kenneth Schneider,Female,34,119716,0
10842,Veronica Green,Female,57,76837,0
10843,Colleen Melendez,Female,32,146408,0
10844,Anthony Smith,Male,35,45843,0
10845,Maria Martin,Male,52,74241,0
10846,Katelyn Evans,Female,47,100329,0
10847,Justin Romero,Male,50,47436,0
10848,Hannah Armstrong,Female,36,110231,0
10849,Timothy Mathews,Male,42,116023,0
10850,Michael Francis,Male,40,52493,0
10851,Ashley Burnett,Female,54,46833,0
10852,Jamie Nelson,Male,40,71023,1
10853,Jillian Watson,Female,45,135957,0
10854,Patricia Hendrix,Male,53,119165,0
10855,Sean Harris DDS,Male,21,52743,1
10856,Ryan James,Male,21,143385,0
10857,Angela White,Female,38,30073,0
10858,Elijah Thomas,Female,38,101991,0
10859,Chad Mccarthy,Female,45,75425,0
10860,Brian Meyer,Male,58,84763,1
10861,Shelley Nichols,Female,33,9284,0
10862,Jimmy Dougherty,Female,32,24450,1
10863,Rhonda Smith,Male,21,85733,-1
10864,Eddie Parsons,Male,34,16305,0
10865,Helen Schmitt,Female,31,73052,1
10866,Eric David,Male,23,69863,1
10867,Patrick Collins,Male,39,134212,0
10868,Kelly Miller,Female,25,74581,0
10869,Emily Cervantes,Male,45,71081,0
10870,Marcus Freeman,Male,22,73322,1
10871,Sharon Allen,Male,40,24858,-1
10872,Robert Austin,Female,42,120541,1
10873,Amber Wood,Male,44,138552,0
10874,Sharon Huber,Male,46,31254,1
10875,William Estes,Male,52,37360,0
10876,Kevin Moore,Female,39,14782,1
10877,Gina Cox,Female,34,48586,1
10878,Daniel Massey,Male,37,46395,1
10879,Kenneth Martinez,Female,27,86584,0
10880,Linda Strickland,Male,40,112846,1
10881,Jessica Barajas,Male,52,77323,1
10882,Amy Smith,Male,21,114180,0
10883,Jose Mitchell,Male,56,149894,0
10884,Lawrence Clark,Male,40,79287,0
10885,Sarah Jones,Male,58,131080,1
10886,William Gomez,Male,29,19811,0
10887,Stephanie Morales,Male,55,74913,0
10888,Alexander Flores,Female,34,100554,1
10889,Marilyn Smith,Female,41,71153,-1
10890,Shawn Ramirez,Female,38,99025,0
10891,Dr. Michael Short,Female,33,21434,0
10892,Lisa Allen,Female,33,110408,1
10893,Joshua Krause,Female,49,138576,-1
10894,Matthew Wallace,Female,58,145279,0
10895,Vanessa Holland,Female,37,109118,0
10896,Alicia Gutierrez,Female,36,9077,0
10897,Kayla Bryant,Female,57,76353,0
10898,Brenda Myers,Male,24,61562,0
10899,Amanda Davis,Female,44,33931,1
10900,Timothy Casey,Female,50,91991,1
10901,Eric Dennis,Female,32,84275,0
10902,Mark Henry,Female,48,61993,0
10903,Cynthia Spencer,Male,22,129397,1
10904,Matthew Rogers,Male,51,98739,0
10905,Nancy Sanford,Female,52,51070,0
10906,Paul Torres,Female,33,142497,1
10907,Richard Martin,Female,51,77451,0
10908,Joshua Hendricks,Female,25,40822,0
10909,Dr. Jessica Ritter,Male,52,18124,1
10910,Elizabeth Ellis,Male,49,114133,-1
10911,Terry Martinez,Male,37,102760,1
10912,Kathleen Brewer,Male,48,119765,0
10913,Jeffrey Webster,Male,51,143627,1
10914,Melissa Green,Male,50,23151,0
10915,Alyssa Hubbard,Male,51,75544,1
10916,Michael Navarro,Male,32,148884,1
10917,Jamie Smith,Female,32,17687,1
10918,Sarah Nelson,Female,44,104320,0
10919,John Bean,Male,35,78356,1
10920,Jennifer Palmer,Male,59,39546,0
10921,Teresa Contreras,Female,25,130772,1
10922,Christina Small,Female,29,121510,0
10923,Joshua Hill,Male,26,48465,1
10924,Christine Castillo,Female,57,95331,1
10925,Thomas Thompson,Female,49,89969,1
10926,Anthony Joyce,Male,33,96991,0
10927,Raymond Flores,Male,21,122139,0
10928,Shirley Richards,Female,50,14756,1
10929,Monica Oliver,Female,20,9432,0
10930,Emily Nunez,Male,42,44062,0
10931,Jesse Miller,Male,55,138023,1
10932,Richard White,Female,22,145098,0
10933,Dustin Oliver,Male,49,43144,-1
10934,Brooke Vasquez,Male,58,87466,1
10935,Joseph Barker,Male,37,37489,1
10936,Elizabeth Anderson,Female,50,34393,0
10937,Chelsea Lee,Male,33,42616,0
10938,Richard Norris,Female,52,95458,1
10939,Karen Cooper,Male,35,59727,0
10940,Randy Miller,Female,26,148246,-1
10941,William Smith,Male,52,108710,1
10942,Sharon Thompson,Female,35,106532,1
10943,Monica Compton,Male,37,87436,1
10944,John Johnson,Female,45,74292,0
10945,Marilyn Mullins,Male,40,10294,1
10946,Kayla Sandoval,Male,36,27028,1
10947,Rebecca Larson,Male,56,74977,1
10948,Alexis Cunningham,Female,31,96475,0
10949,Mark Li,Male,56,21105,0
10950,Danielle Stokes,Female,50,44694,1
10951,Alex Shaw MD,Male,24,86041,-1
10952,Haley Morris,Female,29,116346,0
10953,Angela Aguilar,Male,21,148298,0
10954,Alex Brooks,Female,38,24757,1
10955,Marie Barker,Female,53,44908,1
10956,Sean Hayes,Male,52,113387,1
10957,Theresa Medina,Male,53,68001,0
10958,Crystal Murray,Female,53,9414,1
10959,Barbara Sanders,Male,49,71715,1
10960,Dr. Nicole Phillips MD,Female,49,138244,0
10961,Thomas Cooper,Male,58,93533,0
10962,Tyler Harper,Male,30,33364,0
10963,Kristen Moon,Female,57,36705,1
10964,Mary Holmes,Male,27,50521,0
10965,Thomas Baker,Male,23,13917,1
10966,Jesse Roberts,Male,50,131933,0
10967,Shawn Johnson,Female,53,102236,0
10968,Kenneth Phillips,Male,26,128250,1
10969,Kathryn Contreras,Female,43,145865,0
10970,Benjamin Maldonado,Female,27,86810,0
10971,Alfred Bailey,Female,29,60562,0
10972,Jeffrey Fritz,Female,48,127326,1
10973,Kathleen Valdez,Female,55,19627,1
10974,Jennifer Briggs,Male,32,102339,1
10975,Phillip Brown,Female,29,105909,0
10976,Lindsay Medina,Female,35,119483,1
10977,James Anderson,Female,48,33033,0
10978,Dr. Robert Anderson,Female,24,69085,0
10979,Zachary White,Male,20,143189,1
10980,Taylor Garcia,Male,27,32131,0
10981,Taylor Gonzales,Male,26,89169,1
10982,David Thomas,Male,40,100568,1
10983,Edward Carpenter,Male,47,52566,0
10984,Ashley Rodriguez,Male,42,48533,-1
10985,Jason Stewart,Male,23,83753,-1
10986,John Ross,Female,23,140126,1
10987,Christian Thompson,Male,54,84625,0
10988,Regina Diaz,Male,58,10960,0
10989,Carol Hawkins,Female,53,88408,1
10990,Evan Mcpherson,Male,58,141519,0
10991,Jeremiah Young,Male,24,127081,0
10992,Brian Williams,Female,21,70204,0
10993,Michael Mejia,Male,21,62636,0
10994,Larry Jenkins,Female,33,18492,0
10995,Paul Herring,Male,38,27135,1
10996,Christopher Anderson,Male,57,67836,0
10997,James Johnson DDS,Male,26,14656,0
10998,Kimberly Combs,Female,21,40522,1
10999,Katherine Dennis,Male,43,74794,1
11000,Erin Hernandez,Female,22,83127,0
